id;username;linkedin;reg_datetime;reg_code;experience;status
1;productivity solid state;capability;2020-08-30T05:36:22;Global;35079;Inactive
2;Internal responsive;Beauty Steel;2020-08-29T13:50:52;Future-proofed payment Malaysia;3774;Active
3;Maine payment;compressing Usability Frozen;2020-08-30T02:31:11;yellow Buckinghamshire;63972;Inactive
4;invoice online;Down-sized matrix;2020-08-29T21:51:54;salmon needs-based Integration;59238;Active
5;solutions Centers;Dynamic Personal Loan Account Refined Steel Keyboard;2020-08-29T13:17:04;Balanced recontextualize portals;33129;Inactive
6;Handcrafted Connecticut eyeballs;compress Investment Account Investor;2020-08-29T17:32:24;e-enable;86649;Inactive
7;Coves Mission;synthesize bottom-line;2020-08-30T09:40:10;Generic Frozen Sausages Technician Garden;94491;Inactive
8;Centralized Practical Georgia;sky blue value-added Knolls;2020-08-30T07:05:42;Integration Identity encoding;8111;Inactive
9;Legacy;invoice navigating;2020-08-30T08:27:55;impactful JBOD Streamlined;24876;Inactive
10;Ferry Open-architected Unbranded Granite Salad;Accountability French Southern Territories;2020-08-29T22:05:40;JSON;75208;Active
