id;name;toc;preprequisites
1;deposit;quantifying;digital Cambridgeshire yellow
2;United Arab Emirates;copying PCI Bike;Shirt Global olive
3;Intelligent Rubber Cheese Course Falkland Islands (Malvinas);input;Netherlands Antilles Licensed Checking Account
4;solid state;Incredible Congolese Franc Rubber;cross-platform Branding Australia
5;invoice;Chicken;payment Representative
6;open-source Holy See (Vatican City State) Illinois;Kansas extensible;invoice Unbranded Rubber Gloves hack
7;Iowa bricks-and-clicks;superstructure Concrete;Iowa input Product
8;facilitate;withdrawal;Liberian Dollar
9;synthesize orange matrix;implementation Automotive hack;Cuban Peso Peso Convertible
10;connecting;Spring Towels;overriding Administrator
